{"DSDQDFQS":{"pos":{"x":411.67913818359377,"r":{"x":-0.05199924483895,"y":0.02073456160724,"z":-46.51109313964844},"h":313.4888916015625,"y":-1642.3121337890626,"z":28.4710693359375},"netId":23,"entity":134176,"props":{"tyreSmokeColor":[255,255,255],"color2":4,"color1":0,"plate":"DSDQDFQS","plateIndex":0,"dirtLevel":4.0,"engine":false,"wheels":5,"bodyHealth":997.0,"xenonColor":255,"neonEnabled":[false,false,false,false],"modSmokeEnabled":1,"extras":[],"engineHealth":1000.0,"interiorColor":111,"wheelColor":112,"pearlescentColor":5,"health":997,"model":1549126457,"damage":{"window":{"7":false,"0":1,"5":false,"6":false,"3":false,"4":false,"1":1,"2":false},"tank":1000.0,"dirt":4.16834735870361,"fuel":99.93498992919922,"door":{"0":false,"5":false,"3":false,"4":false,"1":false,"2":false},"engine":1000.0,"body":1000.0,"tyre":{"0":false,"1":false,"2":false,"3":false}},"tankHealth":1000.0,"neonColor":[255,0,255],"locked":1},"forgetOn":11158663},"ZZZZZQ":{"pos":{"h":142.89833068847657,"x":404.953857421875,"r":{"x":0.05011691153049,"y":-0.02493187412619,"z":142.89833068847657},"y":-1649.5780029296876,"z":29.111328125},"netId":19,"entity":169986,"tried":true,"props":{"tyreSmokeColor":[255,255,255],"color2":0,"color1":1,"plate":"ZZZZZQ","plateIndex":0,"dirtLevel":10.0,"modTurbo":1,"wheels":0,"bodyHealth":1000.0,"engine":false,"xenonColor":255,"neonEnabled":[false,false,false,false],"modSmokeEnabled":1,"extras":{"12":false,"10":false},"engineHealth":1000.0,"interiorColor":0,"wheelColor":156,"pearlescentColor":4,"health":1000,"model":-344943009,"damage":{"window":{"7":false,"0":1,"5":false,"6":false,"3":false,"4":false,"1":1,"2":false},"tank":1000.0,"dirt":10.02391242980957,"fuel":99.84999084472656,"door":{"0":false,"5":false,"3":false,"4":false,"1":false,"2":false},"engine":1000.0,"body":1000.0,"tyre":{"3":false,"0":false,"1":false,"2":false}},"tankHealth":1000.0,"locked":1,"neonColor":[255,0,255]},"forgetOn":11168639}}